{"cameraMode":{"drawMode":0,"name":"Shaded","section":"Shading Mode"},"sceneLighting":true,"audioPlay":false,"sceneViewState":{"m_AlwaysRefresh":false,"showFog":true,"showSkybox":true,"showFlares":true,"showImageEffects":true,"showParticleSystems":true,"showVisualEffectGraphs":true,"m_FxEnabled":true},"in2DMode":false,"pivot":{"x":-36.17137908935547,"y":68.78009033203125,"z":-19.125022888183595},"rotation":{"x":0.21717362105846406,"y":-0.15308821201324464,"z":0.03285519778728485,"w":0.9637035727500916},"size":117.62975311279297,"orthographic":true}