{"cameraMode":{"drawMode":0,"name":"Shaded","section":"Shading Mode"},"sceneLighting":true,"audioPlay":false,"sceneViewState":{"m_AlwaysRefresh":false,"showFog":true,"showSkybox":true,"showFlares":true,"showImageEffects":true,"showParticleSystems":true,"showVisualEffectGraphs":true,"m_FxEnabled":true},"in2DMode":false,"pivot":{"x":26.36666488647461,"y":160.03077697753907,"z":59.05713653564453},"rotation":{"x":0.08457233756780625,"y":0.3964674472808838,"z":-0.036910612136125568,"w":0.9134796261787415},"size":135.28811645507813,"orthographic":false}