{"cameraMode":{"drawMode":0,"name":"Shaded","section":"Shading Mode"},"sceneLighting":true,"audioPlay":false,"sceneViewState":{"m_AlwaysRefresh":false,"showFog":true,"showSkybox":true,"showFlares":true,"showImageEffects":true,"showParticleSystems":true,"showVisualEffectGraphs":true,"m_FxEnabled":true},"in2DMode":false,"pivot":{"x":467.01153564453127,"y":-155.93984985351563,"z":157.20712280273438},"rotation":{"x":0.13794079422950746,"y":0.5126000046730042,"z":-0.08536368608474732,"w":0.8434155583381653},"size":409.9872741699219,"orthographic":true}