{"cameraMode":{"drawMode":0,"name":"Shaded","section":"Shading Mode"},"sceneLighting":true,"audioPlay":false,"sceneViewState":{"m_AlwaysRefresh":false,"showFog":true,"showSkybox":true,"showFlares":true,"showImageEffects":true,"showParticleSystems":true,"showVisualEffectGraphs":true,"m_FxEnabled":true},"in2DMode":false,"pivot":{"x":9.710440635681153,"y":123.70578002929688,"z":87.59971618652344},"rotation":{"x":0.1924356371164322,"y":0.08551113307476044,"z":-0.017177248373627664,"w":0.9775447249412537},"size":95.32373809814453,"orthographic":true}