{"cameraMode":{"drawMode":0,"name":"Shaded","section":"Shading Mode"},"sceneLighting":true,"audioPlay":false,"sceneViewState":{"m_AlwaysRefresh":false,"showFog":true,"showSkybox":false,"showFlares":true,"showImageEffects":true,"showParticleSystems":true,"showVisualEffectGraphs":true,"m_FxEnabled":true},"in2DMode":false,"pivot":{"x":1.490713119506836,"y":-10.471504211425782,"z":41.41266632080078},"rotation":{"x":0.03241158276796341,"y":-0.010219527408480645,"z":-0.0010492268484085799,"w":0.9996087551116943},"size":12.124356269836426,"orthographic":true}